艺人名字,头像图片链接,地区,体型,ins,推特,P站,onlyfans,志网,作品1（名称|链接）,作品2（名称|链接）,作品3（名称|链接）,作品4（名称|链接）,作品5（名称|链接）
Alina Li,https://img.131182.ccwu.cc/1.jpeg,欧美,PornStar,,,,,https://www.babepedia.com/babe/Alina_Li,,,,,
Lulu Chu,https://img.131182.ccwu.cc/2.jpeg,欧美,PornStar,,https://x.com/luluchuofficial,,,https://www.babepedia.com/babe/Lulu_Chu,,,,,
Marica Hase,https://img.131182.ccwu.cc/3.jpeg,日本,PornStar,,,,,https://www.babepedia.com/babe/Marica_Hase,,,,,
Riley Reid,https://img.131182.ccwu.cc/4.jpeg,欧美,PornStar,https://www.tiktok.com/@reidyourmind?lang=en,https://x.com/rileyreidx3,https://cn.pornhub.com/album/11250921,,https://www.babepedia.com/babe/Riley_Reid,,,,,
May Thai,https://img.131182.ccwu.cc/5.jpeg,泰国,PornStar,https://www.babepedia.com/babe/May_Thai,,https://cn.pornhub.com/pornstar/may-thai,,https://www.babepedia.com/babe/May_Thai,,,,,
Elsa Jean,https://img.131182.ccwu.cc/6.jpeg,欧美,PornStar,,,https://cn.pornhub.com/pornstar/elsa-jean,,https://www.babepedia.com/babe/Elsa_Jean,,,,,
Jade Kush,https://img.131182.ccwu.cc/7.jpeg,欧美,PornStar,,,,,https://www.babepedia.com/babe/Jade_Kush,,,,,
Eva Elife,https://img.131182.ccwu.cc/8.jpeg,欧美,PornStar,https://www.instagram.com/theevaelfie,https://x.com/EvaElfie,https://cn.pornhub.com/pornstar/eva-elfie,,https://www.babepedia.com/babe/Eva_Elife,,,,,
Alexia Anders,https://img.131182.ccwu.cc/9.jpeg,欧美,PornStar,,,,,https://www.babepedia.com/babe/Alexia_Anders,,,,,
Rae Lil Black,https://img.131182.ccwu.cc/10.jpeg,欧美,PornStar,,https://x.com/Raelilblack,https://cn.pornhub.com/pornstar/rae-lil-black,,https://www.babepedia.com/babe/Rae_Lil_Black,,,,,
Lexi Lore,https://img.131182.ccwu.cc/11.jpeg,欧美,PornStar,https://www.instagram.com/LexiLoreOnYoutube,https://x.com/MoreLexiLore,https://cn.pornhub.com/pornstar/lexi-lore,,https://www.babepedia.com/babe/Lexi_Lore,,,,,
Molly Little,https://img.131182.ccwu.cc/12.jpeg,欧美,PornStar,https://www.instagram.com/Maybemollyyy,https://cn.pornhub.com/pornstar/molly-little,https://x.com/Maybemollyy,,https://www.babepedia.com/babe/Molly_Little,,,,,
輝月あんり,https://img.131182.ccwu.cc/13.jpeg,日本,PornStar,,,,,,輝月jav|https://www.javbus.com/uncensored/star/13ae,,,,
Dakota Tyler,https://img.131182.ccwu.cc/24.jpeg,欧美,PornStar,,,,,https://www.babepedia.com/babe/Dakota_Tyler,,,,,
June Liu,https://img.131182.ccwu.cc/16.jpeg,中国,PornStar,,,,,https://www.babepedia.com/babe/June_Liu,,,,,
Lia Lin,https://img.131182.ccwu.cc/17.jpeg,欧美,PornStar,,,,,https://www.babepedia.com/babe/Lia_Lin,,,,,
Sybil A,https://img.131182.ccwu.cc/14.jpeg,欧美,PornStar,https://www.instagram.com/olga_sybil,https://x.com/SybilA_official,https://cn.pornhub.com/pornstar/sybil,https://www.babepedia.com/babe/Sybil_A,,,,,,
Sonya Blaze,https://img.131182.ccwu.cc/15.jpeg,欧美,PornStar,,,,,https://www.babepedia.com/babe/Sonya_Blaze,,,,,
Tiffany Tatum,https://img.131182.ccwu.cc/18.jpeg,欧美,PornStar,,,https://cn.pornhub.com/pornstar/tiffany-tatum,,https://www.babepedia.com/babe/Tiffany_Tatum,,,,,
Stacy Cruz,https://img.131182.ccwu.cc/19.jpeg,欧美,PornStar,,,,,https://www.babepedia.com/babe/Stacy_Cruz,,,,,
Piper Perri,https://img.131182.ccwu.cc/20.jpeg,欧美,PornStar,,,,,https://www.babepedia.com/babe/Piper_Perri,,,,,
Kenzie Reeves,https://img.131182.ccwu.cc/21.jpeg,欧美,PornStar,,,,,https://www.babepedia.com/babe/Kenzie_Reeves,,,,,
DJ Sakura,https://img.131182.ccwu.cc/22.jpeg,欧美,PornStar,,,,,https://www.babepedia.com/babe/DJ_Sakura,,,,,
Melody Masks,https://img.131182.ccwu.cc/23.jpeg,欧美,PornStar,https://www.instagram.com/p/C3PQwXvu7ej/,https://cn.pornhub.com/pornstar/melody-marks,,https://www.tiktok.com/@melodymarksxxx?_t=8mzGqLQKo4A&_r=1,https://www.babepedia.com/babe/Melody_Masks,,,,,
Nancy A,https://img.131182.ccwu.cc/25.jpeg,欧美,PornStar,https://www.instagram.com/nancy_anastasiia,https://x.com/nancya_official?s=21,https://cn.pornhub.com/pornstar/nancy-a,,https://www.babepedia.com/babe/Nancy_A,,,,,
Allinika,https://img.131182.ccwu.cc/26.jpeg,欧美,PornStar,https://www.instagram.com/theallinika/,,https://cn.pornhub.com/model/allinika,,https://www.babepedia.com/babe/Allinika,,,,,
LonelyMeow,https://img.131182.ccwu.cc/32.jpeg,欧美,PornStar,,,,,https://www.babepedia.com/babe/LonelyMeow,,,,,
Elle Lee,https://img.131182.ccwu.cc/33.jpeg,欧美,PornStar,https://www.instagram.com/elleleeofficial,https://x.com/daintybabyelle,https://cn.pornhub.com/pornstar/elle-lee,,https://www.babepedia.com/babe/Elle_Lee,,,,,
Eliza Ibarra,https://img.131182.ccwu.cc/35.jpeg,欧美,PornStar,,,,,https://www.babepedia.com/babe/Eliza_Ibarra,,,,,
Christy White,https://img.131182.ccwu.cc/36.jpeg,欧美,PornStar,,,,,https://www.babepedia.com/babe/Christy_White,,,,,
Alyssa Bounty,https://img.131182.ccwu.cc/37.jpeg,欧美,PornStar,,,,,https://www.babepedia.com/babe/Alyssa_Bounty,,,,,
Kylie Green,https://img.131182.ccwu.cc/38.jpeg,欧美,PornStar,,,,,https://www.babepedia.com/babe/Kylie_Green,,,,,
Amber Moore,https://img.131182.ccwu.cc/39.jpeg,欧美,PornStar,,,,,https://www.babepedia.com/babe/Amber_Moore,,,,,
Nicole Doshi,https://img.131182.ccwu.cc/40.jpeg,欧美,PornStar,,,,,https://www.babepedia.com/babe/Nicole_Doshi,,,,,
Lilly Bell,https://img.131182.ccwu.cc/42.jpeg,欧美,PornStar,,,,,https://www.babepedia.com/babe/Lilly_Bell,,,,,
Mina Luxx,https://img.131182.ccwu.cc/43.jpeg,欧美,PornStar,,,,,,,,,,
Jessica Portman,https://img.131182.ccwu.cc/44.jpeg,欧美,PornStar,,,,,,,,,,
Jayla De Angelis,https://img.131182.ccwu.cc/45.jpeg,欧美,PornStar,,,,,,,,,,
Jessie Saint,https://img.131182.ccwu.cc/46.jpeg,欧美,PornStar,,,,,,,,,,
Charma Kelley,https://img.131182.ccwu.cc/47.jpeg,欧美,PornStar,,,,,,,,,,
河北彩花,https://img.131182.ccwu.cc/48.jpeg,日韩,PornStar,,,,,,,,,,
潘甜甜,https://img.131182.ccwu.cc/50.jpeg,国产,PornStar,,,,,,,,,,
jayinne,https://img.131182.ccwu.cc/52.jpeg,日韩,PornStar,,,,,,巨屌老外asiaxxxtour|https://t.me/ofoaxa/7646,巨屌老外asiaxxxtour狂干|https://t.me/thbsts/7308,,,
vina sky,https://img.131182.ccwu.cc/53.jpeg,欧美,PornStar,https://www.instagram.com/thevinasky,https://x.com/VinaSkyy,,,https://www.babepedia.com/babe/Vina_Sky,,,,,
Mila Koi,https://img.131182.ccwu.cc/54.jpeg,欧美,PornStar,,,,,https://www.babepedia.com/babe/Mila_Koi,,,,,
Miuzxc,,东南亚,PornStar,,,,,,,,,,
肖兔兔,,国产,PornStar,,,,,,,,,,
Namigonewild,,东南亚,PornStar,,,,,,,,,,
岳欣悦,,国产,PornStar,,,,,,,,,,
YunaTamago_zZ,https://img.131182.ccwu.cc/59.jpeg,欧美,PornStar,,,,,,滋味|https://t.me/NMflj1/922,,,,
梁芸菲,https://img.131182.ccwu.cc/60.jpeg,国产,PornStar,,,,,,,,,,
台湾小飘飘,,国产,PornStar,,,,,,,,,,
大白熊,https://img.131182.ccwu.cc/62.jpeg,国产,PornStar,,,,,,Av|https://t.me/ksdywmq/20790,,,,
kiri_amari,https://img.131182.ccwu.cc/63.jpeg,日韩,PornStar,,,,,,,,,,
NaomiiiChannel,https://img.131182.ccwu.cc/64.jpeg,东南亚,PornStar,,,,,,,,,,
Kittyxkum,https://img.131182.ccwu.cc/65.jpeg,东南亚,PornStar,,,,,,,,,,
Rikako Katayama,https://img.131182.ccwu.cc/66.jpeg,日本,PornStar,https://www.instagram.com/rikako_only/,,,,,,,,,
Goldie Baby,https://img.131182.ccwu.cc/67.jpeg,欧美,PornStar,,https://x.com/GoldieBaby7,,,https://www.babepedia.com/babe/Goldie_Baby,,,,,
Lena Anderson,https://img.131182.ccwu.cc/68.jpeg,欧美,PornStar,,,,,,,,,,
Xreindeers,https://img.131182.ccwu.cc/69.jpeg,东南亚,PornStar,,,,,,,,,,
yuahentai,https://img.131182.ccwu.cc/70.jpeg,日韩,PornStar,,,,,,,,,,
SkyeYoung,https://img.131182.ccwu.cc/71.jpeg,东南亚,PornStar,,,,,,,,,,
Harriet Sugarcookie,https://img.131182.ccwu.cc/72.jpeg,越南,PornStar,,,,,,,,,,
Alice Aoki,https://img.131182.ccwu.cc/73.jpeg,泰国,PornStar,,,,,,,,,,
瀬戸環奈,https://img.131182.ccwu.cc/74.jpeg,日本,PornStar,,,,,,,,,,
sigmasian,https://img.131182.ccwu.cc/51.jpeg,美国,CamGirl,https://www.instagram.com/sigmaasian/,,,,https://chaturbate.com/sigmasian,道具爆插~爆浆爆炸|https://t.me/fcbgsnb/5377,,,,
