站点名称,站点名称
ST,https://zh.stripchat.com/%7Bq%7D
camCH,https://candyrips.com/model/chaturbate/%7Bq%7D
camST,https://candyrips.com/model/stripchat/%7Bq%7D
camS,https://camshowarchive.com/model/%7Bq%7D/
webC,https://www.webcamrecordings.com/modelSearch/%7Bq%7D
bestC,https://bestcamrips.com/search?q=%7Bq%7D
ons,https://www.onscreens.me/search?q=%7Bq%7D
camW,https://www.camwhoresbay.com/search/?q=%7Bq%7D
recu,https://recu.me/performer/%7Bq%7D
P站,https://cn.pornhub.com/video/search?search=%7Bq%7D
xxxM,https://noodlemagazine.com/video/%7Bq%7D
NudeV,https://www.nudevista.com/?q=%7Bq%7D
Babe,https://www.babepedia.com/babe/%7Bq%7D
xham,https://xhamster.com/search/%7Bq%7D
